{"cameraMode":{"drawMode":0,"name":"Shaded","section":"Shading Mode"},"sceneLighting":true,"audioPlay":false,"sceneViewState":{"m_AlwaysRefresh":false,"showFog":true,"showSkybox":true,"showFlares":true,"showImageEffects":true,"showParticleSystems":true,"showVisualEffectGraphs":true,"m_FxEnabled":true},"in2DMode":false,"pivot":{"x":452.85174560546877,"y":769.86865234375,"z":55.0018310546875},"rotation":{"x":0.03598980978131294,"y":-0.011992145329713822,"z":0.00043233524775132537,"w":0.9992839694023132},"size":1742.589111328125,"orthographic":true}