{"cameraMode":{"drawMode":0,"name":"Shaded","section":"Shading Mode"},"sceneLighting":true,"audioPlay":false,"sceneViewState":{"m_AlwaysRefresh":false,"showFog":true,"showSkybox":true,"showFlares":true,"showImageEffects":true,"showParticleSystems":true,"showVisualEffectGraphs":true,"m_FxEnabled":true},"in2DMode":false,"pivot":{"x":305.3277282714844,"y":615.6780395507813,"z":32.028076171875},"rotation":{"x":0.020993158221244813,"y":-0.022493157535791398,"z":0.0004724224272649735,"w":0.9995273351669312},"size":820.0272216796875,"orthographic":true}