{"cameraMode":{"drawMode":0,"name":"Shaded","section":"Shading Mode"},"sceneLighting":false,"audioPlay":false,"sceneViewState":{"m_AlwaysRefresh":false,"showFog":true,"showSkybox":false,"showFlares":true,"showImageEffects":true,"showParticleSystems":true,"showVisualEffectGraphs":true,"m_FxEnabled":true},"in2DMode":false,"pivot":{"x":946.0401611328125,"y":302.9140930175781,"z":-64.45947265625},"rotation":{"x":-0.0011899868259206415,"y":0.0404842272400856,"z":0.00004282767258700915,"w":0.9992002844810486},"size":1771.7821044921875,"orthographic":true}